WorkerID,Age,Gender,Mothertongue
A10EQASJQODBUH,57.0,Female,english
A10T0161B70BXP,24.0,Male,english
A10VA2IF9D0HRI,39.0,Female,english
A11JBM10TZJGK7,24.0,Female,english
A11LSO6D7BMY99,59.0,Female,english
A11MCPY8W4U6FL,44.0,Female,english
A129GA7DAJESE2,46.0,Female,english
A12AN41SXDKYUR,41.0,Female,english
A13FUEPWBCLBUY,37.0,Male,english
A13OMD8QDV0YON,30.0,Male,english
A142JEDSO3O3GL,32.0,Male,english
A143XRCI1YXAFE,28.0,Male,english
A14ADQ7RUN6TDY,71.0,Male,english
A14OPFM8OFA4WF,45.0,Female,english
A14OQ52EFQAN2W,32.0,Male,english
A153PKAL7OAY36,48.0,Male,english
A15I8IS3MKV4GQ,30.0,Female,english
A15MWVTH6LNRBD,55.0,Female,english
A16BLPK5DB2XGM,33.0,Male,english
A17LRY89BBPCUG,31.0,Male,english
A17V85U8PXS4LJ,63.0,Male,english
A17VFZIAVVCCSQ,25.0,Male,english
A18QKM5Z69TLS,33.0,Female,english
A18T7E73TNGOKP,33.0,Male,english
A19AAMLW7OP5V4,25.0,Female,english
A19AAMLWU8P5V4,24.0,Male,english
A19MH4TJD1VSW7,26.0,Male,english
A1B14CS9DW7008,45.0,Female,english
A1BGW6IPXQQJ0R,31.0,Male,english
A1C5T9VNTCXU44,32.0,Female,english
A1CM4AU052HWDO,28.0,Female,english
A1CQVSXL1IXJH0,32.0,Female,english
A1CSL2I9M8H1FI,52.0,Female,english
A1CY01G7686ORZ,37.0,Female,english
A1D1C8B2LOLEUI,54.0,Male,english
A1D3AAS91UOUBY,32.0,Male,spanish
A1DD23J1WBGQUU,40.0,Female,english
A1DINOR5IK1YC4,45.0,Female,english
A1E8UHTVL7X3IT,53.0,Female,english
A1FNNL4YJGBU8U,24.0,Male,english
A1FP3SH704X01V,31.0,Female,english
A1G3AUP2433Z2Q,37.0,Other,english
A1G4DA61N4XPLL,38.0,Female,english
A1HB44F9F9429L,25.0,Female,english
A1HBR039T867GV,74.0,Female,english
A1HNB2243A2PQH,39.0,Female,english
A1I0DV4B4MFQCL,33.0,Male,english
A1I0LYDWQ5B7Z5,30.0,Male,english
A1I1QEHJZ9XTKC,36.0,Female,english
A1I3UQ6MCOD284,23.0,Female,english
A1I72NHC21347A,56.0,Female,english
A1IL81UMEC9OJI,53.0,Male,english
A1J0GU26323WVA,44.0,Female,english
A1J1ZM062PH3FN,25.0,Female,english
A1J2YJ3DS4BZMQ,32.0,Male,english
A1J7C4V2AZSHQX,36.0,Male,english
A1J7VD5KF0A442,64.0,Female,english
A1JH50STB9BOB6,66.0,Male,english
A1JPUM7KH3020K,59.0,Female,english
A1JUCYAUU705TW,30.0,Male,english
A1KPOY8TUVWK0Z,35.0,Male,english
A1KR49KPV5J9BM,36.0,Male,english
A1L2N1X8U8Z3W7,33.0,Female,english
A1M8NRHSH58X25,41.0,Male,english
A1MAAPY9K1G1YR,39.0,Female,english
A1MGNXJMXRWTLY,38.0,Male,english
A1MKEILXWWLBW2,62.0,Male,english
A1N1ULK71RHVMM,29.0,Female,english
A1NCO5A4JYHGKQ,44.0,Male,english
A1NNNRXMMSAXKW,20.0,Female,english
A1NSHNH3MNFRGW,25.0,Male,english
A1OIIHLOC90XCH,47.0,Female,english
A1OKMU27HBN9T3,48.0,Female,english
A1OU8F92A7M3MR,56.0,Female,english
A1OW27AZS122X2,26.0,Male,vietnamese
A1PBRKFHSF1OF8,35.0,Female,english
A1PNYLOKED8FWF,32.0,Male,english
A1PTH9KTRO06EG,25.0,Male,english
A1Q3IU49FVI6H9,27.0,Female,english
A1QAUU3AJI3D7K,27.0,Female,english
A1R8A1ZKR80MRA,19.0,Female,english
A1REJE4H1KLBXY,67.0,Female,english
A1S3QZGMQCB8EV,45.0,Male,english
A1S8KMGKJACGVO,36.0,Male,english
A1SETQLJM04TZS,26.0,Female,english
A1TGZ063G5UKEC,26.0,Female,english
A1TW2BZRRS874Z,37.0,Male,english
A1TW9534W29N22,31.0,Female,english
A1UE6IH3L3XYN2,34.0,Male,english
A1UHJ56MF9CSQM,32.0,Female,english
A1UR7G3DCVZ4DX,31.0,Female,english
A1UYJ2DZ6SUXT,35.0,Male,english
A1V18LQH0K1L62,34.0,Male,english
A1V2H0UF94ATWY,60.0,Male,english
A1VLMGBUUV66LD,34.0,Male,english
A1VQ2XDO0BCGFN,25.0,Other,english
A1VY3E2I61OK7K,30.0,Male,english
A1WJKZ76HVHLLX,29.0,Male,english
A1WKX933Q1TCZY,38.0,Male,english
A1WZY0K6IE3ASG,36.0,Male,english
A1X04W4VU2I2CY,57.0,Female,english
A1X2J73SSA05TD,48.0,Male,english
A1XCQA727LJVL2,57.0,Female,english
A1XHK92L7Q7VEU,26.0,Male,english
A1YSYI926BBOHW,37.0,Male,english
A1YZXZITMRNKUK,34.0,Male,english
A1ZDR2UN7M92LI,36.0,Male,english
A1ZE52NWZPN85P,34.0,Male,english
A1ZH5VWU96MECI,33.0,Female,english
A207IHY6GERCFO,37.0,Male,english
A20IA63WXHF683,47.0,Female,english
A20N1NK5X5S88F,34.0,Male,english
A20P9ZDANO7YEK,23.0,Male,english
A20VHQW3QNRUVS,33.0,Female,english
A20VNT5IHVO401,58.0,Female,english
A20Z6YO39093OJ,60.0,Female,english
A219VCQZADQ45W,68.0,Female,english
A21GOIDMTJIIE1,28.0,Male,english
A21L7K4NROSSF5,30.0,Female,english
A21SF3IKIZB0VN,74.0,Female,english
A21Y7K669KM1PR,51.0,Female,english
A224B7BAQ0MZSN,26.0,Female,english
A22F7GLMAVXBBW,29.0,Female,english
A22F8STPRATDOB,33.0,Male,english
A22H3ETBY8023Z,46.0,Female,english
A23FMTVKQEYCMW,32.0,Male,english
A23JK6EV257I2R,34.0,Female,english
A240OTT1T85UGT,36.0,Male,english
A246S8SBDBT0DG,29.0,Female,english
A24BRTWG07T53Z,41.0,Male,english
A24O1IMBZ03FEK,42.0,Male,english
A24Y3XGT70L7YC,39.0,Female,english
A2509PSPWX47EP,31.0,Female,english
A26OOAGHOYSGYF,24.0,Female,english
A26TP4HHSINK5E,55.0,Female,english
A272X64FOZFYLB,26.0,Male,english
A2752O3APH9E8J,35.0,Female,english
A277YP3WU7TZ4G,28.0,Male,english
A27JBTD02QP9YN,28.0,Female,english
A27MJOV91GA8R3,34.0,Male,english
A27VFM67RPD2L5,49.0,Female,english
A281Q8U3T9H7JS,37.0,Female,english
A28Y4CEFC3NK1V,33.0,Female,english
A2A46VB7JDA2EM,61.0,Female,english
A2A6FH0F7LD9ND,57.0,Female,english
A2APLCDM5WB4D,55.0,Male,english
A2ARIPM4X6WZAK,30.0,Female,english
A2AV9XMGPMMMRG,42.0,Male,english
A2B2HQHFBYLTXU,37.0,Male,english
A2B93NS1ZZ7QD7,37.0,Male,english
A2BD4LRNUZX65A,28.0,Female,english
A2BSULOV6QDJ0P,58.0,Male,english
A2BYGN27NJ718R,29.0,Female,english
A2BYI7MFOB0ZTI,62.0,Female,english
A2BZY06YRWGEDL,32.0,Male,english
A2C7A6E70NYNUI,27.0,Female,english
A2C84POENS2UNY,40.0,Female,english
A2CK0OXMPOR9LE,30.0,Male,english
A2D2JX8R0QU9G4,33.0,Female,english
A2DBNCUF4O3EMG,22.0,Male,english
A2DIPD0N2YL9ST,55.0,Male,english
A2DP6HLTU947U2,50.0,Male,english
A2DUVVTCCN7ZSZ,38.0,Female,english
A2DYXKOHDDY9EG,56.0,Female,english
A2EED3HLTA96CP,45.0,Female,english
A2F36YYI5U6AF4,48.0,Female,english
A2FPCCVXZWHGZF,50.0,Female,english
A2FZ3ALZ2LNQK6,40.0,Female,english
A2G7DTL156PTKA,37.0,Female,english
A2GC6RYOYAZAP7,63.0,Male,english
A2GO0EY5FW18AG,26.0,Female,english
A2H2NAJOO8UZMY,27.0,Male,english
A2HG1N3BVQO6I,59.0,Female,english
A2HRUFTA09371Y,26.0,Female,english
A2I3IM3RJO2OL0,65.0,Female,english
A2I4VNAS21FXCE,49.0,Male,english
A2I6ZALE49CVSC,29.0,Male,english
A2IDXYWQMH420N,30.0,Female,english
A2IDZ3JF5XPPLS,48.0,Male,english
A2INXY39KBM92F,32.0,Male,english
A2IYR9HF66R029,32.0,Female,english
A2J6S7QR4CGXTW,36.0,Male,english
A2JPOXYZM5AJZZ,47.0,Male,english
A2JTIULYK1B15I,29.0,Female,english
A2K607J3Z68WRR,38.0,Male,english
A2KBTDHM44J7X4,34.0,Male,english
A2KX8SX5M47GPX,40.0,Male,english
A2L26DMSVUEDP6,46.0,Male,english
A2LX9M4S8GKZXO,55.0,Female,english
A2LZ9KG42SZ3I0,31.0,Male,english
A2M7RO9U5CJX9G,24.0,Male,english
A2M8R4MP1Y3T3I,53.0,Female,english
A2MOKIEQZ0OF2M,57.0,Male,english
A2NHFSO7GMM8QR,30.0,Female,english
A2NVGZV3GH6D8N,32.0,Female,english
A2NXMRPHG86N2T,45.0,Male,english
A2NYDCQ3Y6QS4Q,28.0,Female,english
A2O0KQ1VUVTKMW,22.0,Male,english
A2O2Q0LVWOWJ1G,46.0,Female,english
A2OPC5SR07A46Q,36.0,Female,english
A2PJ9BRKDZ0AUE,40.0,Female,english
A2PMT4061B1NDP,32.0,Female,english
A2Q3FS9G8ITCN7,37.0,Female,english
A2R0O1NC5Y09FH,19.0,Female,english
A2R6UQCQ8T3RZE,30.0,Male,english
A2R89RXGEVG05I,53.0,Female,english
A2RLOB9VH2XSRT,57.0,Female,english
A2RMR0ZSQ575XZ,25.0,Female,english
A2RWLFIP23FZA7,28.0,Male,chinese
A2RWM6YBCOMWRQ,32.0,Male,english
A2S23A49RFCDZ1,35.0,Male,english
A2SENAPNSXG9L,27.0,Female,english
A2SMLHZ7OQ1S6T,45.0,Female,hindi
A2T007HZK66WM,38.0,Female,english
A2T1LNI80EPOQR,27.0,Male,english
A2T5CROJ0FWIJY,36.0,Female,english
A2TUUIV61CR0C7,63.0,Female,english
A2U45Y0OV3P7D8,55.0,Female,english
A2U5EPFZXHW519,50.0,Male,english
A2ULVVSHLNVHAY,33.0,Female,english
A2V66KLFVJTLKC,39.0,Female,english
A2V6Q551P0ZAAV,34.0,Female,english
A2VF6506WDNXKS,38.0,Female,english
A2VNR6984SDFGQ,46.0,Female,english
A2VNROH3GGVB9X,36.0,Female,english
A2VPCWI6X1QCDF,42.0,Female,english
A2WNEL5XY7H9LZ,49.0,Female,english
A2WPHVMLLEV5ZB,26.0,Male,english
A2X27TXN39UJH8,60.0,Female,english
A2X3FSFHV5GHJU,56.0,Female,english
A2XE89KFI1DRPQ,29.0,Male,english
A2YGZ409IST28,33.0,Female,english
A2YIB84VKYNKWD,40.0,Male,english
A2YKNKZIFUO0Y0,28.0,Female,
A2YLK83DQ6PA5Y,43.0,Male,english
A2YUCJ28XANFOX,35.0,Female,english
A2ZHYL9I3ROT4B,59.0,Female,english
A2ZLJQWCM8KU36,49.0,Male,english
A302KOFOYLD89A,43.0,Female,english
A30IRRLVNC7MZS,50.0,Male,english
A30J4IZCMCR31F,35.0,Female,english
A30MP4LXV4MIFD,33.0,Male,english
A30NGIKN7761QK,30.0,Male,english
A30UE6DWFNUCWX,32.0,Female,english
A30YR5TPOKQYXJ,43.0,Female,english
A31681CCEVDIH3,32.0,Female,english
A31UXXZVI3U4E2,31.0,Male,english
A32WUBFHQKYYIW,39.0,Female,english
A334BFWVFS4B41,32.0,Female,english
A337Y4X67PY4QI,46.0,Female,english
A339YQ2DS0BS8R,28.0,Female,english
A33B85TN97HQ33,49.0,Female,english
A33DVD9ZMS0XXN,29.0,Female,english
A33UMG50QSJ7KS,30.0,Female,english
A345RMXKPKS5AD,39.0,Male,english
A345TDMHP3DQ3G,28.0,Female,english
A34NDXO56MBC3D,35.0,Male,english
A34STBV3ZX0Z5T,30.0,Male,english
A34UER5ZQ5APMB,39.0,Male,english
A35GVG1B0TGRXA,28.0,Male,english
A35HQ420VLXK1T,28.0,Male,english
A35JT9S4WJLLNE,47.0,Female,english
A35X2QXIS7N1W1,47.0,Female,english
A36CQIFWEDEECU,26.0,Male,english
A36FBIDN58N139,27.0,Male,english
A36H3PO6JZD414,54.0,Male,english
A3774HPOUKYTX7,36.0,Male,english
A37LZED187CKU3,36.0,Female,english
A37RHUAH74N5ZJ,27.0,Male,english
A382G38I8JZLGZ,39.0,Male,english
A384EFVY03N5KE,58.0,Male,english
A38E0LSBY662SJ,61.0,Female,english
A38FIMIHKIJYDN,29.0,Male,english
A39IEKRAOTJTD7,62.0,Female,english
A39MKVROUZ1UWR,33.0,Female,english
A3A88KYGNZJ0EQ,32.0,Female,english
A3APKUC67F9IMW,34.0,Male,english
A3AT9S1CF9QV4K,79.0,Male,english
A3AUCQUUA07HCV,35.0,Male,english
A3BMVS0PXTTPAJ,36.0,Male,english
A3BRY2LVVQGP3H,40.0,Female,english
A3BU8UL4W258UU,36.0,Male,chinese
A3BZVFD82AVLT8,32.0,Female,english
A3C7UUX3KOB4BZ,34.0,Female,english
A3CH1Z6J9R38G9,31.0,Male,english
A3CI73EFDLS3OF,30.0,Female,english
A3D0V3ZTLSUBDG,29.0,Female,english
A3DF5B7FEE2XMA,71.0,Female,english
A3E32L95VIK9PG,50.0,Female,english
A3ECLKE5FTTX0F,40.0,Male,english
A3ENQKD0V9VHBF,39.0,Female,english
A3EW7EOWG8L6FI,28.0,Female,bulgarian
A3EYRDEQ7CXUMN,51.0,Male,english
A3FBC5W56LKQXL,58.0,Female,english
A3FCZGFCVL8PAX,19.0,Female,english
A3FOKP72T5I4FR,41.0,Female,english
A3G5PD887PW59D,27.0,Female,english
A3GUVWDWXARFHF,35.0,Male,english
A3HCCBRW7ME00A,42.0,Female,english
A3HGZDLMCKGPSE,33.0,Male,english
A3HHDPKL3O3O7Y,37.0,Female,english
A3I9XLIHPPWPN1,57.0,Female,english
A3IRHO9RKEV0L7,20.0,Female,english
A3J2T92V25NJ83,22.0,Male,english
A3JRQJKFG066X0,58.0,Male,english
A3K4JTRUZQD096,66.0,Female,english
A3KF6OE5PDE94V,50.0,Male,english
A3KJK9KIHLO226,26.0,Female,english
A3KMHRWOZHXN9R,61.0,Male,english
A3KZEX1DDMXKDU,30.0,Male,english
A3L4HC42Y5R4ZO,46.0,Female,english
A3MKQ62CNO0MM8,54.0,Male,english
A3N40Z29QX64UJ,30.0,Male,english
A3NG205QJ48IM4,67.0,Female,english
A3NNMPGQT7DSXS,55.0,Female,english
A3NUI0LC6EQ40A,60.0,Male,english
A3O00K7Q34WM1E,23.0,Male,english
A3OHYXTHW11HS7,28.0,Male,vietnamese
A3OLRWACCCCUTU,55.0,Female,english
A3OP24TYKA619W,41.0,Female,english
A3OP9SCMH0KPJL,43.0,Female,english
A3OR24TCVE4OIU,40.0,Male,english
A3OZ8KF0HWSVWK,55.0,Male,english
A3P3T6XWCUWJEM,58.0,Male,english
A3PJLANVHZPRVO,33.0,Female,english
A3Q9H7A8J8GR01,36.0,Female,english
A3QFQEHXML3K43,40.0,Female,english
A3QMS723L7TB9J,46.0,Female,english
A3QY0PLPW42NBQ,28.0,Male,english
A3R7RQCSWU4848,43.0,Female,english
A3RAN725AAN93U,35.0,Female,english
A3RD4M6HFHIO7Z,32.0,Male,english
A3RFHN13MRS8LA,33.0,Female,english
A3RIX2H2NYLNC4,29.0,Female,english
A3RYI5HXC2MJLN,39.0,Male,english
A3SETW6ELRDABV,40.0,Female,english
A3TD4VJPN33IWZ,63.0,Female,english
A3TDA1NWHNQFE3,32.0,Female,english
A3TK7HVFEKB00R,33.0,Male,english
A3TR9Y4WENJKSC,44.0,Male,vietnamese
A3TS0KMBDEEUVX,55.0,Female,english
A3TTG9ALOZM8RC,30.0,Female,english
A3UJSDFJ9LBQ6Z,44.0,Female,english
A3V1VK1A3NYN17,28.0,Male,english
A3VDG4N48AVYGQ,35.0,Male,english
A3VG22WR5I4UG2,33.0,Male,english
A3VL1CBZ3BGQK7,57.0,Male,english
A3VLTC2Z0NPV7J,40.0,Male,english
A3VTOW7WLPTBRR,33.0,Female,english
A4LG89UTZF0AG,33.0,Female,english
A4SVKJZCSOX7R,48.0,Female,english
A4VUQ6627RJX8,36.0,Male,english
A5E2P5F1AXYZ1,52.0,Female,english
A5Z9DOJRPICW1,67.0,Female,english
A6HDSE80LQPR8,38.0,Male,english
A6NNEAQ7VMBRV,35.0,Male,english
A6R5AQ4D638BH,35.0,Male,english
A70TBKPGWQRO4,28.0,Female,english
A70TBKPGWQZO4,31.0,Male,english
A770OB1ZAGJ4G,61.0,Female,english
A7MIAWD2MRWBG,33.0,Male,english
A82WUWI7H3MZWA,35.0,Female,english
A8E3Z8XA32R90,25.0,Male,english
A8UJNIY9R8S7W,32.0,Male,english
A9A2IX3OBORBE,35.0,Female,english
A9AI6ZN15MP03,31.0,Female,english
A9ME6D0HVHMOD,32.0,Female,english
AA5ZDXAA2DLY1,39.0,Female,english
AA6LKHCTMJVUY,33.0,Female,english
AAQREZOK13OV7,32.0,Male,english
AB3L4DBGHX7PG,50.0,Female,german
AB66CTVQ90RCV,31.0,Female,english
ABF5ENVB19SC4,33.0,Male,english
ABLOHOJH95YT9,41.0,Female,english
ABS5DWGFW9T37,55.0,Female,german
ABVMLQWTQQEWI,37.0,Male,english
AC2YW45VFGRVR,62.0,Male,english
ACJFWPKW4JA59,31.0,Male,english
ACOUEGRDJO7B6,35.0,Male,english
ACXP8KHFX06KR,29.0,Male,english
ACY3ZOOZMVS7Y,43.0,Female,english
ADV7NMTM6D2OF,22.0,Female,english
ADXRJFEHIDXRE,27.0,Male,english
AE4P5KVUE9HST,30.0,Male,english
AEBMA5BAWFBMJ,37.0,Female,english
AER5W2E21EHLD,47.0,Male,english
AF0M3066S5UF1,33.0,Male,english
AFO9MCOXXSYY7,42.0,Female,english
AFWJT2RB6Y4SZ,39.0,Female,english
AGCEWSN0NUCEF,36.0,Female,english
AGILQEFEPEK7N,30.0,Male,english
AGNINJI5ENC2K,38.0,Male,english
AIHUIAQ4922K3,31.0,Male,english
AII76H1T5282P,55.0,Female,english
AIOOOO5OXWXKM,31.0,Male,english
AIZUOHKQT14OM,40.0,Male,english
AJ4T7PTRYNSUW,29.0,Male,english
AJ5L00MR9IAFY,46.0,Female,english
AJRY9ALX8069Y,37.0,Female,english
AJTLLYV8O5FQU,62.0,Female,english
AJVHIAAVCY4HI,30.0,Female,english
AKQAI78JTXXC9,38.0,Male,english
AKSJ3C5O3V9RB,24.0,Female,english
AL8AGVOX9PKD0,21.0,Male,english
ALML8V38FDV0,55.0,Female,english
ALOYY3E72AQ1K,45.0,Female,english
AM0QVBV8L6QCJ,58.0,Male,english
AM1T8PH0OVOD67,62.0,Female,english
AM5DZDG51U3XO,27.0,Male,english
AMA18W8F60Y2J,52.0,Female,english
AMA18WF60Y2J,,,
AMFT78BSZA5MV,33.0,Female,english
AMJDEMVSM0M9B,23.0,Female,english
AMTTB8JUWRRM7,24.0,Female,english
AMW5JN5PYY3AX,37.0,Female,english
AN2TLMRZF7DW8,28.0,Male,english
AN83V2TFNFWNH,30.0,Female,english
ANCCKNF1DKRZO,42.0,Female,english
ANLHIS7CZAZVQ,18.0,Female,english
ANMAPKRHPGWX1,61.0,Female,english
ANX7HSRJL4IYC,26.0,Male,english
AOHUD7WWKD2OA,24.0,Male,english
AOMFEAWQHU3D8,24.0,Female,english
AOQZ2B7YSZVQ3,25.0,Male,english
AP4FDDWBJW47O,55.0,Female,english
APB33P7IQEEWK,29.0,Male,english
AQ53YJDPDDLZ,40.0,Male,english
AQ6GU6IZHIFWZ,26.0,Male,english
AQL24433IP0QQ,32.0,Male,english
AQYZCI8VSR704,39.0,Female,english
ARNX6JWMYEOAP,52.0,Female,english
ARQR5NIFA1AJ,35.0,Male,english
ARR3UJTM2ZGK4,58.0,Female,english
ARUL5Y3NWDRYK,40.0,Female,english
AS8ZVCZ69KGB4,45.0,Male,english
ASC9DUCC64M3P,55.0,Female,english
ASKUEWVYYCZWO,31.0,Female,english
AST0FXXXUAA6T,30.0,Male,english
ASY5W2HJPIPF4,38.0,Male,english
AT6LDQNLKTUSE,38.0,Male,english
ATP2BJPDK4K2B,29.0,Female,english
AU01P6YB9J5JX,52.0,Female,english
AU2RMH9IZP60M,28.0,Male,english
AU34T9OMHN4Z4,41.0,Female,english
AU3CTMQ2KB084,37.0,Female,english
AUIRZWDQI6HX0,40.0,Female,english
AUTBAO7DP20SV,66.0,Female,english
AV7A20KYBTQHL,63.0,Female,english
AVBLMDK750VFG,42.0,Female,english
AVD6HMIO1HLFI,32.0,Male,english
AVKMFV9CZ0MLR,70.0,Male,english
AVMSKBK9JWV0M,51.0,Male,english
AVNXCGTZQ1CFK,35.0,Female,english
AWJ5RYXJCSGV0,49.0,Female,german
AWN1PEZWRQSQ9,40.0,Male,english
AXEXQBM7B2QT9,55.0,Female,english
AXKCFKFPFLZYM,47.0,Female,english
AXPZAP62ZYWP8,25.0,Male,english
AXXA481XH6FKE,28.0,Female,english
AY645XMBR8TSQ,27.0,Female,english
AYOXZN5JZIHDT,37.0,Female,english
AYTUVBM8ZTY2T,32.0,Male,english
AYZ85PU887QY1,43.0,Female,english
AZ2P6DGG5M6SH,34.0,Male,english
AZ3YOUU0J7U35,58.0,Female,english
AZ4NVW69W0R2,22.0,Female,english
AZCV8JQ2NEFN8,42.0,Male,english
AZIAQJWXTSFUX,43.0,Male,english
